Thoi Gian,Nhiet Do (C),Do Am (%),PM2.5 (ug/m3),PM10 (ug/m3)
2026-06-20 17:06:27,32.0,54.0,8,9
2026-06-20 17:06:27,32.0,54.0,8,9
2026-06-20 17:06:27,32.0,54.0,8,9
2026-06-20 17:06:29,32.0,54.0,8,9
2026-06-20 17:06:31,32.0,54.0,8,9
2026-06-20 17:06:33,32.0,54.0,8,9
2026-06-20 17:06:35,32.0,54.0,8,9
2026-06-20 17:06:37,32.0,54.0,8,9
2026-06-20 17:06:40,32.0,54.0,8,9
2026-06-20 17:06:42,32.0,54.0,8,9
2026-06-20 17:06:44,32.0,54.0,8,9
2026-06-20 17:06:48,32.0,54.0,8,9
2026-06-20 17:06:48,32.0,54.0,8,9
2026-06-20 17:06:48,32.0,54.0,8,9
2026-06-20 17:06:50,32.0,54.0,7,8
2026-06-20 17:06:52,32.0,54.0,7,8
2026-06-20 17:06:54,32.0,54.0,7,8
2026-06-20 17:06:56,32.0,54.0,8,8
2026-06-20 17:06:59,32.0,54.0,8,8
2026-06-20 17:07:01,32.0,54.0,8,9
2026-06-20 17:07:03,32.0,54.0,9,9
2026-06-20 17:07:05,32.0,54.0,9,9
2026-06-20 17:07:07,32.0,54.0,9,9
2026-06-20 17:07:09,32.0,54.0,9,10
2026-06-20 17:07:11,32.0,54.0,9,10
2026-06-20 17:07:13,32.0,54.0,9,10
2026-06-20 17:07:16,32.0,54.0,9,10
2026-06-20 17:07:18,32.0,54.0,9,9
2026-06-20 17:07:20,32.0,55.0,9,9
2026-06-20 17:07:24,32.0,55.0,8,9
2026-06-20 17:07:24,32.0,55.0,8,9
2026-06-20 17:07:24,32.0,55.0,8,9
2026-06-20 17:07:26,32.0,55.0,8,9
2026-06-20 17:07:28,32.0,55.0,8,8
2026-06-20 17:07:30,32.0,55.0,8,8
2026-06-20 17:07:33,32.0,55.0,8,8
2026-06-20 17:07:35,32.0,55.0,8,8
2026-06-20 17:07:37,32.0,55.0,8,8
2026-06-20 17:07:39,32.0,55.0,8,8
2026-06-20 17:07:41,32.0,55.0,8,8
2026-06-20 17:07:43,32.0,55.0,8,8
2026-06-20 17:07:45,32.0,55.0,8,8
2026-06-20 17:07:47,32.0,55.0,8,8
2026-06-20 17:07:49,32.0,55.0,8,8
2026-06-20 17:07:52,32.0,55.0,8,8
2026-06-20 17:07:54,32.0,55.0,8,8
2026-06-20 17:07:56,32.0,55.0,8,8
2026-06-20 17:07:58,32.0,55.0,8,8
2026-06-20 17:08:00,32.0,55.0,8,8
2026-06-20 17:08:02,32.0,55.0,8,8
2026-06-20 17:08:04,32.0,55.0,8,8
2026-06-20 17:08:06,32.0,55.0,8,8
2026-06-20 17:08:09,32.0,55.0,8,8
2026-06-20 17:08:11,32.0,55.0,8,9
2026-06-20 17:08:13,32.0,55.0,8,9
2026-06-20 17:08:15,32.0,55.0,8,9
2026-06-20 17:08:17,32.0,55.0,8,9
2026-06-20 17:08:19,32.0,55.0,9,9
2026-06-20 17:08:21,32.0,55.0,8,9
2026-06-20 17:08:23,32.0,55.0,8,9
2026-06-20 17:08:26,32.0,55.0,8,9
2026-06-20 17:08:28,32.0,55.0,8,9
2026-06-20 17:08:30,32.0,55.0,8,9
2026-06-20 17:08:32,32.0,55.0,8,9
2026-06-20 17:08:34,32.0,55.0,8,9
2026-06-20 17:08:38,32.0,55.0,8,9
2026-06-20 17:08:39,32.0,55.0,8,9
2026-06-20 17:08:39,32.0,55.0,8,9
2026-06-20 17:08:41,32.0,55.0,8,9
2026-06-20 17:08:43,32.0,55.0,8,8
2026-06-20 17:08:45,32.0,55.0,8,8
2026-06-20 17:08:47,32.0,55.0,8,8
2026-06-20 17:08:49,32.0,55.0,8,8
2026-06-20 17:08:51,32.0,55.0,8,9
2026-06-20 17:08:53,32.0,55.0,8,9
2026-06-20 17:08:55,32.0,55.0,8,9
2026-06-20 17:08:57,32.0,55.0,8,9
2026-06-20 17:08:59,32.0,55.0,8,9
2026-06-20 17:09:02,32.0,55.0,9,9
2026-06-20 17:09:04,32.0,55.0,9,9
2026-06-20 17:09:06,32.0,55.0,8,9
2026-06-20 17:09:08,32.0,55.0,8,9
2026-06-20 17:09:10,32.0,55.0,8,9
2026-06-20 17:09:12,32.0,55.0,8,9
2026-06-20 17:09:14,32.0,55.0,8,9
2026-06-20 17:09:16,32.0,55.0,8,9
2026-06-20 17:09:19,32.0,55.0,8,9
2026-06-20 17:09:21,32.0,55.0,8,9
2026-06-20 17:09:23,32.0,55.0,8,9
2026-06-20 17:09:25,32.0,55.0,8,8
2026-06-20 17:09:27,32.0,55.0,8,8
2026-06-20 17:09:29,32.0,55.0,8,8
2026-06-20 17:09:31,32.0,55.0,8,9
2026-06-20 17:09:33,32.0,55.0,8,8
2026-06-20 17:09:35,32.0,55.0,8,8
2026-06-20 17:09:38,32.0,55.0,7,8
2026-06-20 17:09:40,32.0,55.0,7,8
2026-06-20 17:09:42,32.0,55.0,8,9
2026-06-20 17:09:44,32.0,55.0,8,9
2026-06-20 17:09:46,32.0,55.0,8,9
2026-06-20 17:09:48,32.0,55.0,8,9
2026-06-20 17:09:50,32.0,55.0,8,9
2026-06-20 17:09:52,32.0,55.0,8,9
2026-06-20 17:09:55,32.0,55.0,8,8
2026-06-20 17:09:57,32.0,55.0,7,8
2026-06-20 17:09:59,32.0,55.0,7,8
2026-06-20 17:10:01,32.0,55.0,7,8
2026-06-20 17:10:03,32.0,55.0,7,8
2026-06-20 17:10:05,32.0,55.0,7,8
2026-06-20 17:10:07,32.0,55.0,7,8
2026-06-20 17:10:09,32.0,55.0,8,8
2026-06-20 17:10:12,32.0,55.0,8,8
2026-06-20 17:10:14,32.0,55.0,8,8
2026-06-20 17:10:16,32.0,55.0,8,8
2026-06-20 17:10:18,32.0,55.0,8,8
2026-06-20 17:10:20,32.0,55.0,8,8
2026-06-20 17:10:22,32.0,55.0,8,8
2026-06-20 17:10:24,32.0,55.0,8,8
2026-06-20 17:10:26,32.0,55.0,8,8
2026-06-20 17:10:28,32.0,55.0,8,8
2026-06-20 17:10:31,32.0,55.0,8,8
2026-06-20 17:10:33,32.0,55.0,8,8
2026-06-20 17:10:35,32.0,55.0,8,8
2026-06-20 17:10:37,32.0,55.0,9,9
2026-06-20 17:10:39,32.0,55.0,9,9
2026-06-20 17:10:41,32.0,55.0,9,10
2026-06-20 17:10:43,32.0,55.0,9,10
2026-06-20 17:10:45,32.0,55.0,9,10
2026-06-20 17:10:48,32.0,55.0,9,9
2026-06-20 17:10:50,32.0,55.0,8,9
2026-06-20 17:10:52,32.0,55.0,8,9
2026-06-20 17:10:54,32.0,55.0,8,9
2026-06-20 17:10:56,32.0,55.0,8,9
2026-06-20 17:10:58,32.0,55.0,8,8
2026-06-20 17:11:00,32.0,55.0,8,8
2026-06-20 17:11:02,32.0,55.0,8,8
2026-06-20 17:11:05,32.0,55.0,7,8
2026-06-20 17:11:07,32.0,55.0,7,8
2026-06-20 17:11:09,32.0,55.0,7,8
2026-06-20 17:11:45,33.0,55.0,0,0
2026-06-20 17:11:47,33.0,55.0,8,9
2026-06-20 17:11:49,33.0,55.0,8,9
2026-06-20 17:11:51,33.0,55.0,8,9
2026-06-20 17:11:53,33.0,55.0,8,9
2026-06-20 17:11:55,33.0,55.0,8,9
2026-06-20 17:11:58,33.0,55.0,8,9
2026-06-20 17:12:00,33.0,55.0,8,9
2026-06-20 17:12:03,33.0,55.0,9,9
2026-06-20 17:12:03,33.0,55.0,9,9
2026-06-20 17:12:04,33.0,55.0,9,9
2026-06-20 17:12:06,33.0,55.0,9,9
2026-06-20 17:12:08,33.0,55.0,9,9
2026-06-20 17:12:10,33.0,55.0,9,10
2026-06-20 17:12:12,33.0,55.0,9,10
2026-06-20 17:12:15,33.0,55.0,9,10
2026-06-20 17:12:17,33.0,55.0,9,10
2026-06-20 17:12:19,33.0,55.0,8,9
2026-06-20 18:10:46,34.0,58.0,23,25
2026-06-20 18:10:48,34.0,58.0,24,26
2026-06-20 18:10:50,34.0,58.0,24,26
2026-06-20 18:10:52,34.0,58.0,25,27
2026-06-20 18:10:54,34.0,58.0,25,27
2026-06-20 18:10:57,34.0,58.0,25,27
2026-06-20 18:10:59,34.0,58.0,25,27
2026-06-20 18:11:01,34.0,58.0,25,27
2026-06-20 18:11:03,34.0,58.0,25,27
2026-06-20 18:11:05,34.0,58.0,25,27
2026-06-20 18:11:07,34.0,58.0,25,28
2026-06-20 18:11:09,34.0,58.0,25,28
2026-06-20 18:11:11,34.0,58.0,25,28
2026-06-20 18:11:41,34.0,57.0,28,32
2026-06-20 18:11:46,34.0,57.0,28,32
2026-06-20 18:11:51,34.0,57.0,28,32
2026-06-20 18:11:56,34.0,57.0,29,33
2026-06-20 18:12:02,34.0,57.0,30,34
2026-06-20 18:12:06,34.0,57.0,31,36
2026-06-20 18:12:11,34.0,57.0,32,37
2026-06-20 18:12:16,34.0,57.0,32,37
2026-06-20 18:12:21,34.0,57.0,33,38
2026-06-20 18:12:26,34.0,57.0,35,41
2026-06-20 18:12:31,34.0,57.0,36,42
2026-06-20 18:12:36,34.0,57.0,36,42
2026-06-20 18:12:41,34.0,57.0,36,42
2026-06-20 18:12:46,34.0,57.0,36,42
2026-06-20 18:12:51,34.0,57.0,37,43
2026-06-20 18:12:56,34.0,57.0,36,41
2026-06-20 18:13:01,34.0,57.0,34,40
2026-06-20 18:13:06,34.0,57.0,34,39
2026-06-20 18:13:11,34.0,57.0,36,41
2026-06-20 18:13:16,34.0,57.0,36,42
2026-06-20 18:13:21,34.0,56.0,36,42
2026-06-20 18:13:26,34.0,57.0,36,42
2026-06-20 18:13:31,34.0,57.0,36,42
2026-06-20 18:13:36,0.0,0.0,38,44
2026-06-20 18:13:41,34.0,56.0,37,45
2026-06-20 18:13:46,34.0,56.0,36,42
2026-06-20 18:13:51,34.0,57.0,35,42
2026-06-20 18:13:56,34.0,57.0,35,42
2026-06-20 18:14:02,34.0,56.0,34,40
2026-06-20 18:14:06,34.0,56.0,33,39
2026-06-20 18:14:11,34.0,56.0,34,39
2026-06-20 18:14:16,34.0,57.0,36,42
2026-06-20 18:14:29,0.0,0.0,38,45
2026-06-20 18:14:34,34.0,57.0,38,45
2026-06-20 18:14:39,34.0,57.0,39,45
2026-06-20 18:14:44,34.0,57.0,40,46
2026-06-20 18:14:55,34.0,58.0,40,47
2026-06-20 18:15:00,34.0,58.0,40,46
2026-06-20 18:15:05,34.0,57.0,40,46
2026-06-20 18:15:10,34.0,58.0,40,46
2026-06-20 18:15:21,34.0,58.0,46,54
2026-06-20 18:15:26,34.0,58.0,237,389
2026-06-20 18:15:31,34.0,58.0,400,723
2026-06-20 18:15:36,34.0,58.0,272,539
2026-06-20 18:15:41,34.0,58.0,85,120
2026-06-20 18:15:46,34.0,57.0,52,63
2026-06-20 18:15:51,34.0,58.0,43,52
2026-06-20 18:15:56,34.0,58.0,37,44
2026-06-20 18:16:01,34.0,58.0,35,41
2026-06-20 18:16:06,34.0,58.0,35,41
2026-06-20 18:16:11,34.0,58.0,35,41
2026-06-20 18:16:16,34.0,58.0,35,41
2026-06-20 18:16:21,34.0,58.0,35,42
2026-06-20 18:16:26,34.0,58.0,37,43
2026-06-20 18:16:31,34.0,58.0,37,44
2026-06-20 18:16:36,34.0,58.0,37,44
2026-06-20 18:16:41,34.0,58.0,37,44
2026-06-20 18:17:01,0.0,0.0,37,43
2026-06-20 18:17:08,34.0,58.0,37,43
2026-06-20 18:17:08,34.0,58.0,37,43
2026-06-20 18:17:11,34.0,59.0,38,43
2026-06-20 18:17:16,34.0,59.0,38,44
2026-06-20 18:17:21,34.0,59.0,38,44
2026-06-20 18:17:26,34.0,59.0,38,44
2026-06-20 18:17:31,34.0,59.0,38,44
2026-06-20 18:17:36,34.0,59.0,39,45
2026-06-20 18:17:41,34.0,59.0,38,44
2026-06-20 18:17:46,34.0,59.0,36,41
2026-06-20 18:17:51,34.0,59.0,35,40
2026-06-20 18:17:56,34.0,59.0,35,40
2026-06-20 18:18:02,0.0,0.0,36,41
2026-06-20 18:18:06,34.0,58.0,35,41
2026-06-20 18:18:11,34.0,58.0,35,40
2026-06-20 18:18:16,34.0,59.0,35,40
2026-06-20 18:18:21,34.0,59.0,35,40
2026-06-20 18:18:26,34.0,59.0,35,41
2026-06-20 18:18:31,35.0,58.0,36,42
2026-06-20 18:18:36,35.0,58.0,36,42
2026-06-20 18:18:41,35.0,58.0,37,42
2026-06-20 18:18:46,35.0,57.0,37,42
2026-06-20 18:18:51,35.0,57.0,37,43
2026-06-20 18:18:56,36.0,57.0,36,41
2026-06-20 18:19:01,36.0,57.0,35,40
2026-06-20 18:19:06,36.0,57.0,35,41
2026-06-20 18:19:11,35.0,57.0,36,42
2026-06-20 18:19:16,35.0,56.0,36,42
2026-06-20 18:19:21,35.0,56.0,35,41
2026-06-20 18:19:26,35.0,57.0,38,44
2026-06-20 18:19:31,35.0,57.0,51,61
2026-06-20 18:19:36,35.0,57.0,52,63
2026-06-20 18:19:41,35.0,57.0,49,59
2026-06-20 18:19:46,35.0,57.0,45,53
2026-06-20 18:19:51,35.0,57.0,41,48
2026-06-20 18:19:56,35.0,57.0,39,46
2026-06-20 18:20:01,35.0,57.0,39,45
2026-06-20 18:20:06,35.0,57.0,39,45
2026-06-20 18:20:11,35.0,57.0,38,44
2026-06-20 18:20:16,35.0,57.0,37,44
2026-06-20 18:20:21,35.0,58.0,36,42
2026-06-20 18:20:26,35.0,58.0,35,40
2026-06-20 18:20:31,35.0,58.0,34,39
2026-06-20 18:20:36,35.0,58.0,35,40
2026-06-20 18:20:41,35.0,58.0,36,41
2026-06-20 18:20:46,35.0,58.0,36,41
2026-06-20 18:20:51,35.0,58.0,35,39
2026-06-20 18:20:56,35.0,58.0,34,39
2026-06-20 18:21:01,35.0,58.0,34,38
2026-06-20 18:21:06,35.0,58.0,34,39
2026-06-20 18:21:11,35.0,58.0,34,39
2026-06-20 18:21:16,35.0,58.0,34,39
2026-06-20 18:21:21,35.0,59.0,35,40
2026-06-20 18:21:26,35.0,59.0,36,42
2026-06-20 18:21:31,35.0,59.0,36,42
2026-06-20 18:21:36,35.0,59.0,36,42
2026-06-20 18:21:41,35.0,59.0,36,42
2026-06-20 18:21:46,35.0,59.0,35,41
2026-06-20 18:21:51,35.0,59.0,36,41
2026-06-20 18:21:56,35.0,59.0,35,41
2026-06-20 18:22:01,35.0,59.0,35,41
2026-06-20 18:22:06,35.0,59.0,35,41
2026-06-20 18:22:11,35.0,59.0,35,40
2026-06-20 18:22:16,35.0,59.0,34,40
2026-06-20 18:22:21,35.0,59.0,34,39
2026-06-20 18:22:26,35.0,60.0,34,40
2026-06-20 18:22:31,35.0,60.0,35,41
2026-06-20 18:22:36,35.0,60.0,35,41
2026-06-20 18:22:41,35.0,60.0,34,39
2026-06-20 18:22:46,34.0,60.0,34,39
2026-06-20 18:22:51,34.0,60.0,35,40
2026-06-20 18:22:56,34.0,60.0,35,40
2026-06-20 18:23:02,34.0,60.0,35,40
2026-06-20 18:23:06,35.0,60.0,34,39
2026-06-20 18:23:11,35.0,60.0,35,40
2026-06-20 18:23:16,35.0,60.0,35,41
2026-06-20 18:23:21,35.0,60.0,35,40
2026-06-20 18:23:26,35.0,61.0,35,40
2026-06-20 18:23:31,35.0,61.0,34,40
2026-06-20 18:23:36,35.0,61.0,34,39
2026-06-20 18:23:41,35.0,61.0,34,39
2026-06-20 18:23:46,35.0,61.0,34,40
2026-06-20 18:23:51,35.0,61.0,34,40
2026-06-20 18:23:56,35.0,61.0,34,40
2026-06-20 18:24:01,35.0,61.0,34,40
2026-06-20 18:24:06,35.0,61.0,34,40
2026-06-20 18:24:11,35.0,61.0,34,40
2026-06-20 18:24:16,35.0,61.0,34,39
2026-06-20 18:24:21,35.0,61.0,33,39
2026-06-20 18:24:26,35.0,61.0,33,39
2026-06-20 18:24:31,35.0,61.0,33,38
2026-06-20 18:24:36,35.0,61.0,33,38
2026-06-20 18:28:50,34.0,64.0,37,44
2026-06-20 18:28:55,34.0,63.0,36,43
2026-06-20 18:29:00,34.0,63.0,36,43
2026-06-20 18:29:05,34.0,63.0,37,43
2026-06-20 18:29:10,34.0,63.0,37,43
2026-06-20 18:29:15,34.0,63.0,37,43
2026-06-20 18:29:20,34.0,63.0,37,43
2026-06-20 18:29:25,34.0,63.0,37,44
2026-06-20 18:29:30,34.0,63.0,38,44
2026-06-20 18:29:35,34.0,63.0,38,44
2026-06-20 18:29:40,34.0,63.0,37,43
2026-06-20 18:29:45,34.0,63.0,37,43
2026-06-20 18:29:50,34.0,63.0,37,44
2026-06-20 18:30:08,34.0,62.0,36,43
2026-06-20 18:30:13,34.0,62.0,36,42
2026-06-20 18:30:18,34.0,62.0,36,42
2026-06-20 18:30:23,34.0,62.0,36,42
2026-06-20 18:30:28,34.0,62.0,35,41
2026-06-20 18:30:33,34.0,62.0,35,41
2026-06-20 18:30:38,34.0,62.0,35,41
2026-06-20 18:30:43,34.0,62.0,35,41
2026-06-20 18:30:48,34.0,62.0,35,41
2026-06-20 18:30:53,34.0,62.0,35,41
2026-06-20 18:30:58,34.0,62.0,35,41
2026-06-20 18:31:03,34.0,62.0,35,41
2026-06-20 18:31:08,34.0,62.0,35,41
2026-06-20 18:31:13,34.0,62.0,35,41
2026-06-20 18:31:18,34.0,62.0,35,41
2026-06-20 18:31:23,34.0,62.0,35,41
2026-06-20 18:31:28,34.0,62.0,35,41
2026-06-20 18:31:33,34.0,62.0,35,41
2026-06-20 18:31:38,34.0,62.0,35,41
2026-06-20 18:31:43,34.0,62.0,35,40
2026-06-20 18:31:48,34.0,62.0,35,40
2026-06-20 18:31:53,34.0,62.0,35,40
2026-06-20 18:31:58,34.0,62.0,35,40
2026-06-20 18:32:03,34.0,62.0,34,39
2026-06-20 18:32:08,34.0,62.0,34,39
2026-06-20 18:32:13,34.0,62.0,35,40
2026-06-20 18:32:18,34.0,62.0,35,40
2026-06-20 18:32:23,34.0,62.0,35,40
2026-06-20 18:32:28,34.0,62.0,35,40
2026-06-20 18:32:33,34.0,62.0,35,41
2026-06-20 18:32:38,34.0,62.0,35,41
2026-06-20 18:32:43,34.0,62.0,35,40
2026-06-20 18:32:48,34.0,62.0,35,40
2026-06-20 18:32:53,34.0,62.0,35,41
2026-06-20 18:32:58,34.0,62.0,35,40
2026-06-20 18:33:03,34.0,62.0,35,40
2026-06-20 18:33:08,34.0,62.0,35,40
2026-06-20 18:33:13,34.0,62.0,35,40
2026-06-20 18:33:18,34.0,62.0,35,41
2026-06-20 18:33:23,34.0,62.0,35,41
2026-06-20 18:33:28,34.0,62.0,35,41
2026-06-20 18:33:33,34.0,62.0,35,40
2026-06-20 18:33:38,34.0,62.0,35,40
2026-06-20 18:33:43,34.0,62.0,35,41
2026-06-20 18:33:48,34.0,62.0,35,40
2026-06-20 18:33:53,34.0,62.0,35,40
2026-06-20 18:33:58,34.0,62.0,35,40
2026-06-20 18:34:03,34.0,62.0,34,40
2026-06-20 18:34:08,34.0,62.0,34,40
2026-06-20 18:34:13,0.0,0.0,34,40
2026-06-20 18:34:18,34.0,61.0,35,40
2026-06-20 18:34:23,34.0,62.0,35,40
2026-06-20 18:34:28,34.0,62.0,35,40
2026-06-20 18:34:33,34.0,62.0,35,40
2026-06-20 18:34:38,34.0,62.0,35,40
2026-06-20 18:34:43,34.0,62.0,35,40
2026-06-20 18:34:48,34.0,62.0,35,39
2026-06-20 18:34:53,34.0,62.0,34,39
2026-06-20 18:34:58,34.0,62.0,35,39
2026-06-20 18:35:03,34.0,62.0,34,40
2026-06-20 18:35:08,34.0,62.0,35,40
2026-06-20 18:35:13,34.0,62.0,34,40
2026-06-20 18:35:18,34.0,62.0,34,39
2026-06-20 18:35:23,34.0,62.0,34,40
2026-06-20 18:35:28,34.0,62.0,34,40
2026-06-20 18:35:33,34.0,62.0,34,40
2026-06-20 18:35:38,34.0,62.0,34,40
2026-06-20 18:35:43,34.0,62.0,35,40
2026-06-20 18:35:48,34.0,62.0,35,41
2026-06-20 18:35:53,34.0,62.0,35,41
2026-06-20 18:35:58,34.0,62.0,36,41
2026-06-20 18:36:03,34.0,62.0,36,42
2026-06-20 18:36:08,34.0,62.0,36,41
2026-06-20 18:36:13,34.0,62.0,35,40
2026-06-20 18:36:18,34.0,62.0,34,39
2026-06-20 18:36:23,34.0,62.0,34,39
2026-06-20 18:36:28,34.0,62.0,34,40
2026-06-20 18:36:33,34.0,62.0,34,40
2026-06-20 18:36:38,34.0,62.0,34,40
2026-06-20 18:36:43,34.0,62.0,34,40
2026-06-20 18:36:48,34.0,62.0,34,39
2026-06-20 18:36:53,34.0,62.0,34,40
2026-06-20 18:36:58,34.0,62.0,35,40
2026-06-20 18:37:03,34.0,62.0,35,40
2026-06-20 18:37:08,34.0,62.0,35,40
2026-06-20 18:37:13,34.0,62.0,35,41
2026-06-20 18:37:18,34.0,62.0,34,40
2026-06-20 18:37:23,34.0,62.0,34,40
2026-06-20 18:37:28,34.0,62.0,34,40
2026-06-20 18:37:33,34.0,62.0,34,40
2026-06-20 18:37:38,34.0,63.0,34,40
2026-06-20 18:37:43,34.0,62.0,34,39
2026-06-20 18:37:48,34.0,62.0,34,39
2026-06-20 18:37:53,34.0,63.0,34,39
2026-06-20 18:37:58,34.0,63.0,34,39
2026-06-20 18:38:03,34.0,63.0,33,38
2026-06-20 18:38:08,0.0,0.0,33,37
2026-06-20 18:38:13,34.0,63.0,33,38
2026-06-20 18:38:18,34.0,63.0,33,38
2026-06-20 18:38:23,34.0,63.0,34,40
2026-06-20 18:38:28,34.0,63.0,34,40
2026-06-20 18:38:33,34.0,63.0,34,40
2026-06-20 18:38:38,34.0,63.0,34,40
2026-06-20 18:38:43,34.0,63.0,34,40
2026-06-20 18:38:48,34.0,63.0,34,40
2026-06-20 18:38:53,34.0,63.0,34,40
2026-06-20 18:38:58,34.0,63.0,34,39
2026-06-20 18:39:03,34.0,63.0,34,39
2026-06-20 18:39:08,34.0,63.0,34,39
2026-06-20 18:39:13,34.0,63.0,34,39
2026-06-20 18:39:18,34.0,63.0,34,38
2026-06-20 18:39:23,34.0,63.0,33,38
2026-06-20 18:39:28,34.0,63.0,33,38
2026-06-20 18:39:33,34.0,63.0,33,38
2026-06-20 18:39:38,34.0,63.0,33,38
2026-06-20 18:39:43,34.0,62.0,33,37
2026-06-20 18:39:48,34.0,62.0,33,37
2026-06-20 18:39:53,34.0,62.0,33,37
2026-06-20 18:39:58,34.0,63.0,33,37
2026-06-20 18:40:03,34.0,62.0,34,38
2026-06-20 18:40:08,34.0,62.0,34,38
2026-06-20 18:40:13,34.0,62.0,34,38
2026-06-20 18:40:18,34.0,62.0,34,38
2026-06-20 18:40:23,34.0,62.0,34,38
2026-06-20 18:40:28,34.0,62.0,34,38
2026-06-20 18:40:33,34.0,62.0,33,38
2026-06-20 18:40:38,34.0,62.0,34,39
2026-06-20 18:40:43,34.0,62.0,34,39
2026-06-20 18:40:48,34.0,62.0,34,40
2026-06-20 18:40:53,34.0,62.0,34,40
2026-06-20 18:40:58,34.0,62.0,34,40
2026-06-20 18:41:03,34.0,62.0,34,39
2026-06-20 18:41:08,34.0,62.0,34,39
2026-06-20 18:41:13,34.0,62.0,34,39
2026-06-20 18:41:18,34.0,62.0,33,39
2026-06-20 18:41:23,34.0,62.0,33,39
2026-06-20 18:41:28,34.0,62.0,33,39
2026-06-20 18:41:33,34.0,62.0,33,38
2026-06-20 18:41:38,34.0,62.0,32,38
2026-06-20 18:41:43,34.0,61.0,33,38
2026-06-20 18:41:48,34.0,62.0,33,39
2026-06-20 18:41:53,34.0,62.0,34,40
2026-06-20 18:41:58,34.0,61.0,34,40
2026-06-20 18:42:03,34.0,61.0,34,40
2026-06-20 18:42:08,34.0,61.0,34,40
2026-06-20 18:42:13,34.0,61.0,33,39
2026-06-20 18:42:18,34.0,61.0,33,39
2026-06-20 18:42:23,34.0,61.0,33,39
2026-06-20 18:42:28,0.0,0.0,33,39
2026-06-20 18:42:33,34.0,61.0,33,38
2026-06-20 18:42:38,34.0,61.0,33,38
2026-06-20 18:42:43,34.0,61.0,33,38
2026-06-20 18:42:48,34.0,61.0,32,37
2026-06-20 18:42:53,34.0,61.0,32,37
2026-06-20 18:42:58,34.0,61.0,32,37
2026-06-20 18:43:03,34.0,61.0,32,37
2026-06-20 18:43:08,34.0,61.0,32,37
2026-06-20 18:43:13,34.0,61.0,31,36
2026-06-20 18:43:18,34.0,61.0,31,36
2026-06-20 18:43:23,34.0,61.0,32,36
2026-06-20 18:43:28,34.0,61.0,32,36
2026-06-20 18:43:33,34.0,61.0,31,36
2026-06-20 18:43:38,34.0,61.0,31,35
2026-06-20 18:43:43,34.0,61.0,31,35
2026-06-20 18:43:48,34.0,61.0,31,35
2026-06-20 18:43:53,34.0,61.0,31,35
2026-06-20 18:43:58,34.0,61.0,31,35
2026-06-20 18:44:03,34.0,61.0,31,35
2026-06-20 18:44:08,34.0,61.0,32,37
2026-06-20 18:44:13,34.0,61.0,32,37
2026-06-20 18:44:18,34.0,61.0,32,37
2026-06-20 18:44:23,34.0,61.0,32,38
2026-06-20 18:44:28,34.0,61.0,33,38
2026-06-20 18:44:33,34.0,61.0,33,39
2026-06-20 18:44:38,34.0,61.0,33,39
2026-06-20 18:44:43,34.0,62.0,33,38
2026-06-20 18:44:48,34.0,61.0,33,38
2026-06-20 18:44:53,34.0,61.0,32,38
2026-06-20 18:44:58,34.0,61.0,32,38
2026-06-20 18:45:03,34.0,62.0,32,38
2026-06-20 18:45:08,34.0,62.0,32,37
2026-06-20 18:45:13,34.0,61.0,32,37
2026-06-20 18:45:18,34.0,61.0,32,37
2026-06-20 18:45:23,0.0,0.0,32,37
2026-06-20 18:45:28,34.0,62.0,32,37
2026-06-20 18:45:33,34.0,61.0,32,37
2026-06-20 18:45:38,34.0,61.0,32,37
2026-06-20 18:45:43,34.0,61.0,33,38
2026-06-20 18:45:48,34.0,62.0,32,37
2026-06-20 18:45:53,34.0,62.0,32,36
2026-06-20 18:45:58,34.0,62.0,31,36
2026-06-20 18:46:03,34.0,62.0,31,36
2026-06-20 18:46:08,34.0,62.0,31,36
2026-06-20 18:46:13,34.0,62.0,32,36
2026-06-20 18:46:18,34.0,62.0,31,35
2026-06-20 18:46:23,0.0,0.0,31,35
2026-06-20 18:46:28,34.0,62.0,31,36
2026-06-20 18:46:33,34.0,62.0,32,37
2026-06-20 18:46:38,34.0,62.0,32,37
2026-06-20 18:46:43,34.0,62.0,32,38
2026-06-20 18:46:48,34.0,62.0,33,38
2026-06-20 18:46:53,34.0,62.0,32,36
2026-06-20 18:46:58,34.0,62.0,32,36
2026-06-20 18:47:03,34.0,62.0,32,37
2026-06-20 18:47:08,34.0,62.0,32,37
2026-06-20 18:47:13,34.0,62.0,32,37
2026-06-20 18:47:18,34.0,62.0,33,38
2026-06-20 18:47:23,34.0,62.0,32,38
2026-06-20 18:47:28,34.0,62.0,32,37
2026-06-20 18:47:33,34.0,62.0,31,37
2026-06-20 18:47:38,34.0,62.0,31,37
2026-06-20 18:47:43,34.0,62.0,32,37
2026-06-20 18:47:48,34.0,62.0,32,37
2026-06-20 18:47:53,34.0,62.0,32,37
2026-06-20 18:47:58,34.0,62.0,32,37
2026-06-20 18:48:03,34.0,62.0,32,38
2026-06-20 18:48:08,34.0,62.0,33,38
2026-06-20 18:48:13,34.0,62.0,32,37
2026-06-20 18:48:18,34.0,62.0,32,36
2026-06-20 18:48:23,34.0,62.0,33,38
2026-06-20 18:48:28,34.0,62.0,33,38
2026-06-20 18:48:33,34.0,62.0,32,37
2026-06-20 18:48:38,34.0,62.0,32,37
2026-06-20 18:48:43,34.0,62.0,31,37
2026-06-20 18:48:48,34.0,62.0,31,37
2026-06-20 18:48:53,34.0,62.0,31,36
2026-06-20 18:48:58,34.0,62.0,31,36
2026-06-20 18:49:03,34.0,62.0,31,36
2026-06-20 18:49:08,34.0,62.0,32,37
2026-06-20 18:49:13,34.0,62.0,33,39
2026-06-20 18:49:18,34.0,62.0,33,38
2026-06-20 18:49:23,34.0,63.0,33,37
2026-06-20 18:49:28,34.0,63.0,33,37
2026-06-20 18:49:33,34.0,63.0,32,37
2026-06-20 18:49:38,34.0,63.0,32,37
2026-06-20 18:49:43,34.0,63.0,32,36
2026-06-20 18:49:48,34.0,63.0,32,36
2026-06-20 18:49:53,34.0,63.0,31,36
2026-06-20 18:49:58,34.0,63.0,32,36
2026-06-20 18:50:03,34.0,63.0,32,36
2026-06-20 18:50:08,34.0,63.0,32,36
2026-06-20 18:50:13,34.0,63.0,31,36
2026-06-20 18:50:18,34.0,63.0,31,37
2026-06-20 18:50:23,34.0,63.0,32,37
2026-06-20 18:50:28,34.0,63.0,32,37
2026-06-20 18:50:33,34.0,63.0,31,36
2026-06-20 18:50:38,34.0,63.0,31,36
2026-06-20 18:50:43,34.0,63.0,31,36
2026-06-20 18:50:48,34.0,63.0,32,36
2026-06-20 18:50:53,34.0,63.0,32,37
2026-06-20 18:50:58,34.0,63.0,33,38
2026-06-20 18:51:03,34.0,63.0,33,38
2026-06-20 18:51:08,34.0,63.0,32,37
2026-06-20 18:51:13,34.0,63.0,32,37
2026-06-20 18:51:18,34.0,63.0,32,37
2026-06-20 18:51:23,34.0,63.0,32,37
2026-06-20 18:51:28,34.0,63.0,33,37
2026-06-20 18:51:33,34.0,63.0,33,37
2026-06-20 18:51:38,34.0,63.0,33,38
2026-06-20 18:51:43,34.0,63.0,32,37
2026-06-20 18:51:48,34.0,63.0,31,36
2026-06-20 18:51:53,34.0,63.0,32,37
2026-06-20 18:51:58,34.0,63.0,33,38
2026-06-20 18:52:03,34.0,63.0,33,39
2026-06-20 18:52:08,34.0,63.0,33,38
2026-06-20 18:52:13,34.0,63.0,32,38
2026-06-20 18:52:18,34.0,63.0,32,37
2026-06-20 18:52:23,34.0,63.0,32,37
2026-06-20 18:52:28,34.0,63.0,32,37
2026-06-20 18:52:33,34.0,63.0,32,37
2026-06-20 18:52:38,34.0,63.0,32,37
2026-06-20 18:52:43,34.0,63.0,32,37
2026-06-20 18:52:48,34.0,63.0,32,37
2026-06-20 18:52:53,34.0,63.0,32,37
2026-06-20 18:52:58,34.0,63.0,33,38
2026-06-20 18:53:03,34.0,63.0,33,38
2026-06-20 18:53:08,34.0,63.0,33,38
2026-06-20 18:53:13,34.0,63.0,33,38
2026-06-20 18:53:18,34.0,63.0,33,38
2026-06-20 18:53:23,34.0,63.0,33,38
2026-06-20 18:53:28,34.0,63.0,33,37
2026-06-20 18:53:33,34.0,63.0,32,37
2026-06-20 18:53:38,0.0,0.0,33,38
2026-06-20 18:53:43,34.0,63.0,33,39
2026-06-20 18:53:48,34.0,63.0,33,38
2026-06-20 18:53:53,34.0,63.0,33,38
2026-06-20 18:53:58,34.0,63.0,33,39
2026-06-20 18:54:03,34.0,63.0,33,39
2026-06-20 18:54:08,34.0,63.0,33,39
2026-06-20 18:54:13,34.0,63.0,33,39
2026-06-20 18:54:18,34.0,63.0,33,39
2026-06-20 18:54:23,34.0,63.0,34,40
2026-06-20 18:54:28,34.0,63.0,33,39
2026-06-20 18:54:33,34.0,63.0,33,39
2026-06-20 18:54:38,34.0,63.0,32,38
2026-06-20 18:54:43,34.0,63.0,32,38
2026-06-20 18:54:48,34.0,63.0,32,37
2026-06-20 18:54:53,34.0,63.0,33,38
2026-06-20 18:54:58,34.0,63.0,33,38
2026-06-20 18:55:03,34.0,63.0,33,38
2026-06-20 18:55:08,34.0,63.0,33,37
2026-06-20 18:55:13,34.0,63.0,33,37
2026-06-20 18:55:18,34.0,63.0,33,37
2026-06-20 18:55:23,34.0,63.0,33,38
2026-06-20 18:55:28,34.0,63.0,33,39
2026-06-20 18:55:33,34.0,62.0,33,39
2026-06-20 18:55:38,34.0,63.0,33,39
2026-06-20 18:55:43,34.0,63.0,33,39
2026-06-20 18:55:48,34.0,63.0,33,39
2026-06-20 18:55:53,34.0,63.0,32,38
2026-06-20 18:55:58,34.0,63.0,32,38
2026-06-20 18:56:03,34.0,63.0,33,38
2026-06-20 18:56:08,34.0,63.0,33,39
2026-06-20 18:56:13,34.0,63.0,34,40
2026-06-20 18:56:18,34.0,63.0,34,40
2026-06-20 18:56:23,34.0,63.0,33,39
2026-06-20 18:56:28,34.0,63.0,33,39
2026-06-20 18:56:33,0.0,0.0,33,39
2026-06-20 18:56:38,34.0,63.0,33,38
2026-06-20 18:56:43,34.0,63.0,33,38
2026-06-20 18:56:48,34.0,63.0,33,38
2026-06-20 18:56:53,34.0,63.0,33,39
2026-06-20 18:56:58,34.0,63.0,33,39
2026-06-20 18:57:03,34.0,63.0,33,39
2026-06-20 18:57:08,34.0,63.0,33,39
2026-06-20 18:57:13,34.0,63.0,33,37
2026-06-20 18:57:18,34.0,63.0,33,37
2026-06-20 18:57:23,34.0,63.0,33,38
2026-06-20 18:57:28,34.0,62.0,33,38
2026-06-20 18:57:33,0.0,0.0,32,37
2026-06-20 18:57:38,34.0,63.0,32,36
2026-06-20 18:57:43,34.0,63.0,32,37
2026-06-20 18:57:48,34.0,63.0,32,37
2026-06-20 18:57:53,34.0,63.0,32,36
2026-06-20 18:57:58,34.0,63.0,32,37
2026-06-20 18:58:03,34.0,63.0,32,36
2026-06-20 18:58:08,34.0,63.0,32,37
2026-06-20 18:58:13,34.0,63.0,33,38
2026-06-20 18:58:18,34.0,63.0,34,40
2026-06-20 18:58:23,34.0,63.0,35,42
2026-06-20 18:58:28,34.0,63.0,35,41
2026-06-20 18:58:33,34.0,63.0,34,40
2026-06-20 18:58:38,34.0,62.0,34,39
2026-06-20 18:58:43,34.0,62.0,33,38
2026-06-20 18:58:48,34.0,62.0,33,38
2026-06-20 18:58:53,34.0,63.0,33,38
2026-06-20 18:58:58,34.0,62.0,33,38
2026-06-20 18:59:03,34.0,62.0,33,37
2026-06-20 18:59:08,34.0,62.0,33,37
2026-06-20 18:59:13,34.0,62.0,32,37
2026-06-20 18:59:18,34.0,62.0,33,37
2026-06-20 18:59:23,34.0,62.0,33,38
2026-06-20 18:59:28,34.0,62.0,33,38
2026-06-20 18:59:33,34.0,62.0,33,38
2026-06-20 18:59:38,34.0,62.0,33,39
2026-06-20 18:59:43,34.0,63.0,33,39
2026-06-20 18:59:48,34.0,63.0,33,39
2026-06-20 18:59:53,34.0,63.0,33,39
2026-06-20 18:59:58,34.0,63.0,33,39
2026-06-20 19:00:04,34.0,63.0,33,39
2026-06-20 19:00:05,34.0,63.0,33,39
2026-06-20 19:00:08,34.0,63.0,33,39
2026-06-20 19:00:13,34.0,63.0,33,39
2026-06-20 19:00:18,34.0,63.0,33,39
2026-06-20 19:00:23,34.0,63.0,33,39
2026-06-20 19:00:28,34.0,63.0,32,38
2026-06-20 19:00:33,34.0,63.0,32,37
2026-06-20 19:00:38,34.0,64.0,32,37
2026-06-20 19:00:43,34.0,64.0,32,37
2026-06-20 19:00:48,34.0,64.0,32,37
2026-06-20 19:00:53,34.0,64.0,32,37
2026-06-20 19:00:58,34.0,64.0,32,37
2026-06-20 19:01:03,34.0,63.0,32,37
2026-06-20 19:01:08,34.0,63.0,33,37
2026-06-20 19:01:13,34.0,63.0,33,37
2026-06-20 19:01:18,34.0,63.0,33,38
2026-06-20 19:01:23,34.0,63.0,32,37
2026-06-20 19:01:28,34.0,63.0,31,35
2026-06-20 19:01:33,34.0,63.0,31,35
2026-06-20 19:01:38,34.0,63.0,31,36
2026-06-20 19:01:43,34.0,63.0,32,38
2026-06-20 19:01:48,34.0,63.0,33,38
2026-06-20 19:01:53,34.0,63.0,33,37
2026-06-20 19:01:58,34.0,63.0,32,37
2026-06-20 19:02:03,34.0,63.0,32,38
2026-06-20 19:02:08,34.0,63.0,32,38
2026-06-20 19:02:13,34.0,63.0,32,38
2026-06-20 19:02:18,34.0,63.0,32,38
2026-06-20 19:02:23,34.0,63.0,32,38
2026-06-20 19:02:28,34.0,63.0,33,38
2026-06-20 19:02:33,34.0,63.0,32,37
2026-06-20 19:02:38,34.0,63.0,32,36
2026-06-20 19:02:43,34.0,63.0,32,36
2026-06-20 19:02:48,34.0,63.0,32,37
2026-06-20 19:02:53,34.0,63.0,32,38
2026-06-20 19:02:58,34.0,63.0,32,37
2026-06-20 19:03:03,34.0,62.0,32,37
2026-06-20 19:03:08,34.0,63.0,32,37
2026-06-20 19:03:13,34.0,63.0,32,38
2026-06-20 19:03:18,34.0,63.0,33,38
2026-06-20 19:03:23,34.0,63.0,34,39
2026-06-20 19:03:28,34.0,63.0,33,39
2026-06-20 19:03:33,34.0,63.0,33,39
2026-06-20 19:03:38,34.0,63.0,33,38
2026-06-20 19:03:43,34.0,63.0,33,38
2026-06-20 19:03:48,34.0,63.0,33,38
2026-06-20 19:03:53,34.0,63.0,32,38
2026-06-20 19:03:58,34.0,63.0,32,37
2026-06-20 19:04:03,34.0,63.0,33,38
2026-06-20 19:04:08,34.0,63.0,33,39
2026-06-20 19:04:13,34.0,63.0,33,39
2026-06-20 19:04:18,34.0,63.0,34,39
2026-06-20 19:04:23,34.0,63.0,34,39
2026-06-20 19:04:28,34.0,63.0,34,40
2026-06-20 19:04:33,34.0,63.0,33,39
2026-06-20 19:04:38,34.0,63.0,32,38
2026-06-20 19:04:43,34.0,63.0,32,38
2026-06-20 19:04:48,34.0,63.0,32,37
2026-06-20 19:04:53,34.0,63.0,31,36
2026-06-20 19:04:58,34.0,63.0,31,36
2026-06-20 19:05:03,34.0,63.0,32,37
2026-06-20 19:05:08,34.0,63.0,32,37
2026-06-20 19:05:13,34.0,63.0,32,37
2026-06-20 19:05:18,34.0,63.0,33,38
2026-06-20 19:05:23,34.0,63.0,33,39
2026-06-20 19:05:28,34.0,63.0,33,40
2026-06-20 19:05:33,34.0,63.0,33,39
2026-06-20 19:05:38,34.0,63.0,32,38
2026-06-20 19:05:43,34.0,63.0,32,37
2026-06-20 19:05:48,34.0,63.0,32,37
2026-06-20 19:05:53,34.0,62.0,32,38
2026-06-20 19:05:58,34.0,63.0,33,39
2026-06-20 19:06:03,34.0,62.0,33,39
2026-06-20 19:06:08,34.0,62.0,33,39
2026-06-20 19:06:13,34.0,62.0,33,39
2026-06-20 19:06:18,34.0,62.0,33,39
2026-06-20 19:06:23,34.0,62.0,33,39
2026-06-20 19:06:28,34.0,62.0,33,39
2026-06-20 19:06:33,34.0,62.0,33,39
2026-06-20 19:06:38,34.0,62.0,33,40
2026-06-20 19:06:43,34.0,62.0,33,38
2026-06-20 19:06:48,34.0,62.0,32,37
2026-06-20 19:06:53,34.0,62.0,32,37
2026-06-20 19:06:58,34.0,62.0,32,37
2026-06-20 19:07:03,34.0,62.0,32,37
2026-06-20 19:07:08,34.0,62.0,32,38
2026-06-20 19:07:13,34.0,62.0,32,38
2026-06-20 19:07:18,34.0,62.0,33,38
2026-06-20 19:07:23,34.0,62.0,33,38
2026-06-20 19:07:28,34.0,62.0,32,38
2026-06-20 19:07:33,34.0,62.0,32,38
2026-06-20 19:07:38,34.0,62.0,32,38
2026-06-20 19:07:43,34.0,62.0,33,39
2026-06-20 19:08:05,34.0,62.0,33,39
2026-06-20 19:08:06,34.0,62.0,33,39
2026-06-20 19:08:06,34.0,62.0,32,39
2026-06-20 19:08:06,34.0,62.0,33,39
2026-06-20 19:08:06,34.0,62.0,33,39
2026-06-20 19:08:06,34.0,62.0,33,39
2026-06-20 19:08:06,34.0,62.0,32,39
2026-06-20 19:08:08,34.0,62.0,32,38
2026-06-20 19:08:13,34.0,62.0,32,38
2026-06-20 19:08:18,34.0,62.0,32,37
2026-06-20 19:08:23,34.0,62.0,32,37
2026-06-20 19:08:28,34.0,62.0,32,37
2026-06-20 19:08:33,34.0,62.0,32,38
2026-06-20 19:08:38,34.0,62.0,32,37
2026-06-20 19:08:43,34.0,62.0,32,37
2026-06-20 19:08:48,34.0,62.0,32,37
2026-06-20 19:08:53,34.0,62.0,32,37
2026-06-20 19:08:58,34.0,62.0,33,38
2026-06-20 19:09:03,34.0,62.0,33,38
2026-06-20 19:09:08,34.0,62.0,33,38
2026-06-20 19:09:13,34.0,62.0,33,38
2026-06-20 19:09:18,34.0,62.0,33,38
2026-06-20 19:09:23,34.0,62.0,33,38
2026-06-20 19:09:28,34.0,62.0,33,38
2026-06-20 19:09:33,34.0,62.0,33,39
2026-06-20 19:09:38,34.0,62.0,33,39
2026-06-20 19:09:43,34.0,62.0,33,39
2026-06-20 19:09:48,34.0,62.0,33,38
2026-06-20 19:09:53,34.0,62.0,34,39
2026-06-20 19:09:58,34.0,62.0,34,39
2026-06-20 19:10:03,34.0,62.0,34,39
2026-06-20 19:10:08,34.0,62.0,33,38
2026-06-20 19:10:13,34.0,62.0,32,37
2026-06-20 19:10:18,34.0,62.0,32,37
2026-06-20 19:10:23,34.0,62.0,32,37
2026-06-20 19:10:28,34.0,62.0,33,38
2026-06-20 19:10:33,34.0,62.0,33,39
2026-06-20 19:10:38,34.0,62.0,33,39
2026-06-20 19:10:43,34.0,62.0,33,39
2026-06-20 19:10:48,34.0,62.0,33,39
2026-06-20 19:10:53,34.0,62.0,33,38
2026-06-20 19:10:58,34.0,62.0,33,38
2026-06-20 19:11:03,34.0,62.0,33,39
2026-06-20 19:11:08,34.0,62.0,33,39
2026-06-20 19:11:13,34.0,62.0,34,40
2026-06-20 19:11:18,34.0,62.0,34,40
2026-06-20 19:11:23,34.0,62.0,34,39
2026-06-20 19:11:28,34.0,62.0,34,39
2026-06-20 19:11:33,34.0,62.0,34,40
2026-06-20 19:11:38,34.0,62.0,35,40
2026-06-20 19:11:43,34.0,62.0,35,40
2026-06-20 19:11:48,34.0,62.0,34,40
2026-06-20 19:11:53,34.0,62.0,34,39
2026-06-20 19:11:58,34.0,62.0,33,38
2026-06-20 19:12:03,34.0,62.0,33,38
2026-06-20 19:12:08,34.0,62.0,34,39
2026-06-20 19:12:13,34.0,62.0,34,39
2026-06-20 19:12:18,34.0,62.0,34,39
2026-06-20 19:12:23,34.0,62.0,34,39
2026-06-20 19:12:28,34.0,62.0,34,39
2026-06-20 19:12:33,34.0,62.0,34,40
2026-06-20 19:12:38,34.0,62.0,34,40
2026-06-20 19:12:43,34.0,62.0,33,40
2026-06-20 19:12:48,34.0,62.0,33,40
2026-06-20 19:12:53,34.0,62.0,34,41
2026-06-20 19:12:58,34.0,62.0,34,41
2026-06-20 19:13:03,34.0,62.0,34,39
2026-06-20 19:13:08,34.0,62.0,33,39
2026-06-20 19:13:13,34.0,62.0,33,39
2026-06-20 19:13:18,34.0,62.0,33,39
2026-06-20 19:13:23,34.0,62.0,34,40
2026-06-20 19:13:28,34.0,62.0,34,40
2026-06-20 19:13:33,34.0,61.0,33,40
2026-06-20 19:13:38,34.0,61.0,33,39
2026-06-20 19:13:43,34.0,61.0,33,40
2026-06-20 19:13:48,34.0,61.0,33,39
2026-06-20 19:13:53,34.0,61.0,33,38
2026-06-20 19:13:58,34.0,61.0,32,38
2026-06-20 19:14:03,34.0,61.0,32,37
2026-06-20 19:14:08,34.0,61.0,31,36
2026-06-20 19:14:13,34.0,60.0,30,34
2026-06-20 19:14:18,34.0,59.0,29,33
2026-06-20 19:14:23,34.0,59.0,28,32
2026-06-20 19:14:28,34.0,59.0,28,32
2026-06-20 19:14:33,34.0,59.0,26,30
2026-06-20 19:14:38,34.0,58.0,26,30
2026-06-20 19:14:43,34.0,58.0,24,28
2026-06-20 19:14:48,34.0,58.0,23,26
2026-06-20 19:14:53,34.0,58.0,23,25
2026-06-20 19:14:58,34.0,58.0,23,26
2026-06-20 19:15:03,34.0,58.0,22,26
2026-06-20 19:15:08,34.0,57.0,21,24
2026-06-20 19:15:13,34.0,57.0,20,23
2026-06-20 19:15:18,34.0,57.0,19,23
2026-06-20 19:15:23,34.0,57.0,18,22
2026-06-20 19:15:28,34.0,57.0,18,21
2026-06-20 19:15:33,34.0,57.0,18,21
2026-06-20 19:15:38,34.0,57.0,18,22
2026-06-20 19:15:43,34.0,57.0,18,21
2026-06-20 19:15:48,34.0,57.0,17,20
2026-06-20 19:15:53,34.0,57.0,17,20
2026-06-20 19:15:58,0.0,0.0,17,20
2026-06-20 19:16:03,34.0,57.0,17,20
2026-06-20 19:16:08,34.0,57.0,17,19
2026-06-20 19:16:13,34.0,57.0,16,19
2026-06-20 19:16:18,34.0,57.0,16,19
2026-06-20 19:16:23,34.0,57.0,16,18
2026-06-20 19:16:28,34.0,57.0,16,19
2026-06-20 19:16:33,34.0,57.0,16,19
2026-06-20 19:16:38,34.0,57.0,16,19
2026-06-20 19:16:43,34.0,57.0,16,19
2026-06-20 19:16:48,34.0,57.0,16,19
2026-06-20 19:16:53,34.0,57.0,15,18
2026-06-20 19:16:58,0.0,0.0,15,17
2026-06-20 19:17:03,34.0,57.0,14,17
2026-06-20 19:17:08,34.0,57.0,13,15
2026-06-20 19:17:13,34.0,57.0,13,15
2026-06-20 19:17:18,34.0,57.0,13,15
2026-06-20 19:17:23,34.0,57.0,13,16
2026-06-20 19:17:28,34.0,57.0,14,17
2026-06-20 19:17:33,34.0,57.0,14,18
2026-06-20 19:17:38,34.0,57.0,14,18
2026-06-20 19:17:43,34.0,57.0,15,18
2026-06-20 19:17:48,34.0,57.0,15,18
2026-06-20 19:17:53,34.0,57.0,15,19
2026-06-20 19:17:58,34.0,57.0,16,19
2026-06-20 19:18:03,34.0,57.0,16,19
2026-06-20 19:18:08,34.0,57.0,15,18
2026-06-20 19:18:13,34.0,57.0,15,18
2026-06-20 19:18:18,34.0,57.0,15,18
2026-06-20 19:18:23,34.0,57.0,14,18
2026-06-20 19:18:28,34.0,57.0,13,16
2026-06-20 19:18:33,33.0,57.0,12,16
2026-06-20 19:18:38,33.0,57.0,11,14
2026-06-20 19:18:43,33.0,57.0,11,13
2026-06-20 19:18:48,33.0,57.0,11,14
2026-06-20 19:18:53,33.0,57.0,10,12
2026-06-20 19:18:58,33.0,57.0,10,12
2026-06-20 19:19:03,33.0,58.0,10,12
2026-06-20 19:19:08,33.0,58.0,10,12
2026-06-20 19:19:13,33.0,58.0,10,12
2026-06-20 19:19:18,33.0,58.0,10,12
2026-06-20 19:19:23,32.0,59.0,10,13
2026-06-20 19:19:28,32.0,59.0,11,13
2026-06-20 19:19:33,32.0,59.0,10,13
2026-06-20 19:19:38,32.0,59.0,10,12
2026-06-20 19:19:43,32.0,59.0,9,11
2026-06-20 19:19:48,32.0,59.0,9,11
2026-06-20 19:19:53,0.0,0.0,9,11
2026-06-20 19:19:58,32.0,60.0,9,12
2026-06-20 19:20:03,32.0,60.0,9,12
2026-06-20 19:20:08,32.0,60.0,9,12
2026-06-20 19:20:13,32.0,60.0,9,12
2026-06-23 15:06:23,30.0,41.0,7,8
2026-06-23 15:06:28,0.0,0.0,7,8
2026-06-23 15:06:33,30.0,41.0,7,8
2026-06-23 15:06:38,30.0,41.0,7,8
2026-06-23 15:06:43,30.0,41.0,7,8
2026-06-23 15:06:48,30.0,41.0,7,8
2026-06-23 15:06:53,30.0,41.0,7,8
2026-06-23 15:06:58,30.0,41.0,7,8
2026-06-23 15:07:03,30.0,41.0,7,8
2026-06-23 15:07:08,30.0,41.0,7,8
2026-06-23 15:07:13,30.0,40.0,7,8
2026-06-23 15:07:18,30.0,40.0,7,8
2026-06-23 15:07:23,30.0,40.0,7,8
2026-06-23 15:07:28,0.0,0.0,7,8
2026-06-23 15:07:33,30.0,40.0,7,8
2026-06-23 15:07:38,30.0,40.0,7,8
2026-06-23 15:07:43,30.0,40.0,7,8
2026-06-23 15:07:48,30.0,40.0,7,8
2026-06-23 15:07:53,30.0,40.0,7,8
2026-06-23 15:07:58,30.0,40.0,7,8
2026-06-23 15:08:03,30.0,40.0,7,8
2026-06-23 15:08:08,30.0,40.0,7,8
2026-06-23 15:08:13,30.0,40.0,7,8
2026-06-23 15:08:18,30.0,40.0,7,8
2026-06-23 15:08:23,30.0,40.0,7,8
2026-06-23 15:08:28,30.0,40.0,7,8
2026-06-23 15:08:33,30.0,40.0,7,8
2026-06-23 15:08:38,30.0,40.0,7,8
2026-06-23 15:08:43,30.0,40.0,7,8
2026-06-23 15:08:48,30.0,40.0,7,8
2026-06-23 15:08:53,30.0,40.0,7,8
2026-06-23 15:08:58,30.0,40.0,7,8
2026-06-23 15:09:03,30.0,40.0,7,8
2026-06-23 15:09:08,30.0,40.0,7,8
2026-06-23 15:09:13,30.0,40.0,7,8
2026-06-23 15:09:18,30.0,40.0,7,8
2026-06-23 15:09:23,30.0,40.0,7,8
2026-06-23 15:09:28,30.0,40.0,7,8
2026-06-23 15:09:33,30.0,40.0,7,8
2026-06-23 15:09:38,30.0,40.0,7,8
2026-06-23 15:09:43,30.0,45.0,7,8
2026-06-23 15:09:48,30.0,47.0,7,8
2026-06-23 15:09:53,30.0,45.0,7,8
2026-06-23 15:09:58,30.0,43.0,7,8
2026-06-23 15:10:03,30.0,43.0,7,8
2026-06-23 15:10:08,30.0,43.0,7,8
2026-06-23 15:10:13,30.0,43.0,7,8
2026-06-23 15:10:18,30.0,42.0,7,8
2026-06-23 15:10:23,0.0,0.0,7,8
2026-06-23 15:10:28,30.0,42.0,7,8
2026-06-23 15:10:33,30.0,41.0,7,8
2026-06-23 15:10:38,30.0,41.0,7,8
2026-06-23 15:10:43,30.0,41.0,7,8
2026-06-23 15:10:48,30.0,41.0,7,8
2026-06-23 15:10:53,30.0,41.0,7,8
2026-06-23 15:10:58,30.0,41.0,7,8
2026-06-23 15:11:03,30.0,41.0,7,8
2026-06-23 15:11:08,30.0,41.0,7,8
2026-06-23 15:11:13,30.0,41.0,7,8
2026-06-23 15:11:18,30.0,41.0,7,8
2026-06-23 15:11:23,30.0,41.0,7,8
2026-06-23 15:11:28,30.0,41.0,7,8
2026-06-23 15:11:33,30.0,40.0,7,8
2026-06-23 15:11:38,30.0,40.0,7,8
2026-06-23 15:11:43,30.0,40.0,7,8
2026-06-23 15:11:48,30.0,40.0,7,8
2026-06-23 15:11:53,30.0,40.0,7,8
2026-06-23 15:11:58,30.0,40.0,7,8
2026-06-23 15:12:03,30.0,40.0,7,8
2026-06-23 15:12:08,30.0,40.0,7,8
2026-06-23 15:12:13,30.0,40.0,7,8
2026-06-23 15:12:18,0.0,0.0,7,8
2026-06-23 15:12:23,30.0,40.0,7,8
2026-06-23 15:12:28,30.0,40.0,7,8
2026-06-23 15:12:33,30.0,40.0,7,8
2026-06-23 15:12:38,30.0,40.0,7,8
2026-06-23 15:12:43,30.0,40.0,7,8
2026-06-23 15:12:48,30.0,40.0,7,8
2026-06-23 15:12:53,30.0,40.0,7,8
2026-06-23 15:12:58,30.0,40.0,7,8
2026-06-23 15:13:03,30.0,40.0,7,8
2026-06-23 15:13:08,30.0,40.0,7,8
2026-06-23 15:13:13,30.0,40.0,7,8
2026-06-23 15:13:18,0.0,0.0,7,8
2026-06-23 15:13:23,30.0,40.0,7,8
2026-06-23 15:13:32,30.0,41.0,0,0
2026-06-23 15:13:37,30.0,41.0,0,0
2026-06-23 15:13:42,30.0,41.0,0,0
2026-06-23 15:13:47,30.0,41.0,0,0
2026-06-23 15:13:52,30.0,40.0,6,7
2026-06-23 15:13:57,30.0,40.0,6,7
2026-06-23 15:14:02,30.0,40.0,6,7
2026-06-23 15:14:07,30.0,40.0,6,7
2026-06-23 15:14:12,30.0,40.0,6,7
2026-06-23 15:14:17,30.0,40.0,6,7
2026-06-23 15:14:22,30.0,40.0,6,7
2026-06-23 15:14:27,30.0,40.0,6,7
2026-06-23 15:14:32,30.0,45.0,6,7
2026-06-23 15:14:37,30.0,45.0,6,7
2026-06-23 15:14:42,30.0,43.0,6,7
2026-06-23 15:14:47,30.0,42.0,6,7
2026-06-23 15:14:52,30.0,41.0,6,7
2026-06-23 15:14:57,30.0,41.0,6,7
2026-06-23 15:15:02,30.0,41.0,6,7
2026-06-23 15:15:07,30.0,41.0,6,7
2026-06-23 15:15:12,30.0,41.0,6,7
2026-06-23 15:15:17,30.0,41.0,6,7
2026-06-23 15:15:22,30.0,41.0,6,7
2026-06-23 15:15:27,30.0,41.0,6,7
2026-06-23 15:15:32,30.0,41.0,6,7
2026-06-23 15:15:37,30.0,41.0,6,7
2026-06-23 15:15:42,30.0,41.0,6,7
2026-06-23 15:15:47,30.0,41.0,6,7
2026-06-23 15:15:52,30.0,41.0,6,7
2026-06-23 15:15:57,30.0,41.0,6,7
2026-06-23 15:16:02,30.0,41.0,6,7
2026-06-23 15:16:07,30.0,41.0,6,7
2026-06-23 15:16:12,30.0,41.0,6,7
2026-06-23 15:16:17,30.0,41.0,6,7
2026-06-23 15:16:22,30.0,40.0,6,7
2026-06-23 15:16:27,30.0,41.0,6,7
2026-06-23 15:16:32,30.0,41.0,6,7
2026-06-23 15:16:37,30.0,41.0,6,7
2026-06-23 15:16:42,30.0,41.0,6,7
2026-06-23 15:16:47,30.0,40.0,6,7
2026-06-23 15:16:52,30.0,40.0,6,7
2026-06-23 15:16:57,30.0,40.0,6,7
2026-06-23 15:17:02,30.0,40.0,6,7
2026-06-23 15:17:07,30.0,40.0,6,7
2026-06-23 15:17:12,30.0,40.0,6,7
2026-06-23 15:17:17,30.0,40.0,6,7
2026-06-23 15:17:22,30.0,40.0,6,7
2026-06-23 15:17:27,30.0,40.0,6,7
2026-06-23 15:17:32,30.0,40.0,6,7
2026-06-23 15:17:37,30.0,40.0,6,7
2026-06-23 15:17:42,30.0,40.0,6,7
2026-06-23 15:17:47,30.0,40.0,6,7
2026-06-23 15:17:52,30.0,40.0,6,7
2026-06-23 15:17:57,30.0,40.0,6,7
2026-06-23 15:18:04,30.0,40.0,6,7
2026-06-23 15:18:07,30.0,40.0,6,7
2026-06-23 15:18:12,30.0,40.0,6,7
2026-06-23 15:18:17,30.0,40.0,6,7
2026-06-23 15:18:22,30.0,40.0,6,7
2026-06-23 15:18:27,30.0,40.0,6,7
2026-06-23 15:18:32,30.0,40.0,6,7
2026-06-23 15:18:37,30.0,40.0,6,7
2026-06-23 15:18:42,30.0,40.0,6,7
2026-06-23 15:18:47,30.0,40.0,6,7
2026-06-23 15:18:52,30.0,40.0,6,7
2026-06-23 15:18:57,30.0,40.0,6,7
2026-06-23 15:19:02,30.0,40.0,6,7
2026-06-23 15:19:07,30.0,40.0,6,7
2026-06-23 15:19:12,30.0,40.0,6,7
2026-06-23 15:19:17,30.0,40.0,6,7
2026-06-23 15:19:23,30.0,41.0,6,7
2026-06-23 15:19:27,30.0,41.0,6,7
2026-06-23 15:19:32,30.0,40.0,6,7
2026-06-23 15:19:37,30.0,40.0,6,7
2026-06-23 15:19:42,30.0,40.0,6,7
2026-06-23 15:19:47,30.0,40.0,6,7
2026-06-23 15:19:52,30.0,41.0,6,7
2026-06-23 15:19:57,30.0,41.0,6,7
2026-06-23 15:20:02,30.0,41.0,6,7
2026-06-23 15:20:07,30.0,41.0,6,7
2026-06-23 15:20:12,30.0,41.0,6,7
2026-06-23 15:20:17,30.0,41.0,6,7
2026-06-23 15:20:22,30.0,41.0,6,7
2026-06-23 15:20:27,30.0,41.0,6,7
2026-06-23 15:20:32,30.0,41.0,6,7
2026-06-23 15:20:37,30.0,41.0,6,7
2026-06-23 15:20:42,30.0,41.0,6,7
2026-06-23 15:20:47,30.0,41.0,6,7
2026-06-23 15:20:52,30.0,41.0,6,7
2026-06-23 15:20:57,30.0,41.0,6,7
2026-06-23 15:21:02,30.0,41.0,6,7
2026-06-23 15:21:07,30.0,40.0,6,7
2026-06-23 15:21:12,30.0,40.0,6,7
2026-06-23 15:21:17,30.0,40.0,6,7
2026-06-23 15:21:22,30.0,40.0,6,7
2026-06-23 15:21:27,30.0,41.0,6,7
2026-06-23 15:21:32,30.0,41.0,6,7
2026-06-23 15:21:37,30.0,41.0,6,7
2026-06-23 15:21:42,30.0,41.0,6,7
2026-06-23 15:21:47,30.0,41.0,6,7
2026-06-23 15:21:52,0.0,0.0,6,7
2026-06-23 15:21:57,30.0,40.0,6,7
2026-06-23 15:22:02,30.0,40.0,6,7
2026-06-23 15:22:07,30.0,40.0,6,7
2026-06-23 15:22:12,30.0,40.0,6,7
2026-06-23 15:22:17,30.0,40.0,6,7
2026-06-23 15:22:22,30.0,40.0,6,7
2026-06-23 15:22:27,30.0,40.0,6,7
2026-06-23 15:22:32,30.0,40.0,6,7
2026-06-23 15:22:37,30.0,40.0,6,7
2026-06-23 15:22:42,30.0,40.0,6,7
2026-06-23 15:22:47,30.0,40.0,6,7
2026-06-23 15:22:52,30.0,40.0,6,7
2026-06-23 15:22:57,30.0,40.0,6,7
2026-06-23 15:23:02,30.0,40.0,6,7
2026-06-23 15:23:07,30.0,40.0,6,7
2026-06-23 15:23:12,30.0,40.0,6,7
2026-06-23 15:23:17,30.0,40.0,6,7
2026-06-23 15:23:22,30.0,40.0,6,7
2026-06-23 15:23:27,30.0,40.0,6,7
2026-06-23 15:23:32,30.0,40.0,6,7
2026-06-23 15:23:37,30.0,40.0,6,7
2026-06-23 15:23:42,30.0,40.0,6,7
2026-06-23 15:23:47,0.0,0.0,6,7
2026-06-23 15:23:52,30.0,40.0,6,7
2026-06-23 15:23:57,30.0,40.0,6,7
2026-06-23 15:24:02,30.0,40.0,6,7
2026-06-23 15:24:07,30.0,40.0,6,7
2026-06-23 15:24:12,30.0,40.0,6,7
2026-06-23 15:24:17,30.0,40.0,6,7
2026-06-23 15:24:22,30.0,40.0,6,7
2026-06-23 15:24:27,30.0,40.0,6,7
2026-06-23 15:24:32,30.0,40.0,6,7
2026-06-23 15:24:37,30.0,40.0,6,7
2026-06-23 15:24:42,30.0,40.0,6,7
2026-06-23 15:24:47,0.0,0.0,6,7
2026-06-23 15:24:52,30.0,40.0,6,7
2026-06-23 15:24:57,30.0,40.0,6,7
2026-06-23 15:25:02,30.0,40.0,6,7
2026-06-23 15:25:07,30.0,40.0,6,7
2026-06-23 15:25:12,30.0,40.0,6,7
2026-06-23 15:25:17,30.0,40.0,6,7
2026-06-23 15:25:23,30.0,40.0,6,7
2026-06-23 15:25:27,30.0,40.0,6,7
2026-06-23 15:25:32,30.0,40.0,6,7
2026-06-23 15:25:37,30.0,40.0,6,7
2026-06-23 15:25:42,30.0,40.0,6,7
2026-06-23 15:25:47,30.0,40.0,6,7
2026-06-23 15:25:52,30.0,40.0,6,7
2026-06-23 15:25:57,30.0,40.0,6,7
2026-06-23 15:26:02,30.0,40.0,6,7
2026-06-23 15:26:07,30.0,40.0,6,7
2026-06-23 15:26:12,30.0,40.0,6,7
2026-06-23 15:26:17,30.0,40.0,6,7
2026-06-23 15:26:22,30.0,40.0,6,7
2026-06-23 15:26:27,30.0,40.0,6,7
2026-06-23 15:26:32,30.0,40.0,6,7
2026-06-23 15:26:37,30.0,40.0,6,7
2026-06-23 15:26:42,0.0,0.0,6,7
2026-06-23 15:26:47,30.0,40.0,6,7
2026-06-23 15:26:52,30.0,40.0,6,7
2026-06-23 15:26:57,30.0,40.0,6,7
2026-06-23 15:27:02,30.0,40.0,6,7
2026-06-23 15:27:07,30.0,40.0,6,7
2026-06-23 15:27:12,30.0,40.0,6,7
2026-06-23 15:27:17,30.0,40.0,6,7
2026-06-23 15:27:22,30.0,40.0,6,7
2026-06-23 15:27:27,30.0,40.0,6,7
2026-06-23 15:27:32,30.0,40.0,6,7
2026-06-23 15:27:37,30.0,40.0,6,7
2026-06-23 15:27:42,0.0,0.0,6,7
2026-06-23 15:27:47,30.0,40.0,6,7
2026-06-23 15:27:52,30.0,40.0,6,7
2026-06-23 15:27:57,30.0,40.0,6,7
2026-06-23 15:28:03,30.0,40.0,6,7
2026-06-23 15:28:03,30.0,40.0,6,7
2026-06-23 15:28:07,30.0,40.0,6,7
2026-06-23 15:28:12,30.0,40.0,6,7
2026-06-23 15:28:17,30.0,40.0,6,7
2026-06-23 15:28:22,30.0,40.0,6,7
2026-06-23 15:28:27,30.0,40.0,6,7
2026-06-23 15:28:32,30.0,40.0,6,7
2026-06-23 15:28:37,30.0,40.0,6,7
2026-06-23 15:28:42,30.0,40.0,6,7
2026-06-23 15:28:47,30.0,40.0,6,7
2026-06-23 15:28:52,30.0,40.0,6,7
2026-06-23 15:28:57,30.0,40.0,6,7
2026-06-23 15:29:02,30.0,40.0,6,7
2026-06-23 15:29:07,30.0,40.0,6,7
2026-06-23 15:29:12,30.0,40.0,6,7
2026-06-23 15:29:17,30.0,40.0,6,7
2026-06-23 15:29:22,30.0,40.0,6,7
2026-06-23 15:29:27,30.0,40.0,6,7
2026-06-23 15:29:32,30.0,40.0,6,7
2026-06-23 15:29:37,30.0,40.0,6,7
2026-06-23 15:29:42,30.0,40.0,6,7
2026-06-23 09:34:57,29.0,37.0,7,8
2026-06-23 09:35:02,29.0,37.0,7,8
2026-06-23 09:35:07,29.0,37.0,7,8
2026-06-23 09:35:12,29.0,37.0,7,8
2026-06-23 09:35:17,29.0,37.0,7,8
2026-06-23 09:35:22,29.0,37.0,7,8
2026-06-23 09:35:27,29.0,37.0,7,8
2026-06-23 09:35:32,0.0,0.0,7,8
2026-06-23 09:35:37,29.0,37.0,7,8
2026-06-23 09:35:42,29.0,37.0,7,8
2026-06-23 09:35:47,29.0,36.0,7,8
2026-06-23 09:35:52,29.0,36.0,7,8
2026-06-23 09:35:57,29.0,37.0,7,8
2026-06-23 09:36:03,29.0,37.0,7,8
2026-06-23 09:36:04,29.0,37.0,7,8
2026-06-23 09:36:07,29.0,37.0,7,8
2026-06-23 09:36:12,29.0,37.0,7,8
2026-06-23 09:36:17,29.0,37.0,7,8
2026-06-23 09:36:22,29.0,37.0,7,8
2026-06-23 09:36:27,29.0,37.0,7,8
2026-06-23 09:36:32,29.0,37.0,7,8
2026-06-23 09:36:37,29.0,36.0,7,8
2026-06-23 09:36:42,29.0,36.0,7,8
2026-06-23 09:36:47,29.0,36.0,7,8
2026-06-23 09:36:52,29.0,37.0,7,8
2026-06-23 09:36:57,29.0,36.0,7,8
2026-06-23 09:37:02,29.0,36.0,7,8
2026-06-23 09:37:07,29.0,36.0,7,8
2026-06-23 09:37:12,29.0,36.0,7,8
2026-06-23 09:37:17,29.0,37.0,7,8
2026-06-23 09:37:50,30.0,36.0,0,0
2026-06-23 09:37:55,30.0,36.0,0,0
2026-06-23 09:38:00,30.0,36.0,0,0
2026-06-23 09:38:05,0.0,0.0,0,0
2026-06-23 09:38:10,30.0,36.0,0,0
2026-06-23 09:38:15,30.0,36.0,0,0
2026-06-23 09:38:20,30.0,36.0,8,9
2026-06-23 09:38:25,29.0,36.0,8,9
2026-06-23 09:38:30,29.0,36.0,8,9
2026-06-23 09:38:35,29.0,36.0,8,9
2026-06-23 09:38:40,29.0,36.0,8,9
2026-06-23 09:38:45,29.0,36.0,8,9
2026-06-23 09:38:55,29.0,36.0,8,9
2026-06-23 09:39:00,29.0,36.0,8,9
2026-06-23 09:39:05,29.0,36.0,8,9
2026-06-23 09:39:10,29.0,36.0,8,9
2026-06-23 09:39:15,29.0,36.0,8,9
2026-06-23 09:39:20,29.0,36.0,8,9
2026-06-23 09:39:25,29.0,36.0,8,9
2026-06-23 09:39:30,29.0,36.0,8,9
2026-06-23 09:39:35,29.0,36.0,8,9
2026-06-23 09:39:40,29.0,36.0,8,9
2026-06-23 09:39:45,29.0,36.0,8,9
2026-06-23 09:39:50,0.0,0.0,8,9
2026-06-23 09:39:55,29.0,36.0,8,9
2026-06-23 09:40:00,29.0,36.0,8,9
2026-06-23 09:40:05,29.0,36.0,8,9
